------------------------------------------------------------
-- DML.sql                                                 -
------------------------------------------------------------
-- Instrucciones para poblar BD. 
--
-- Autor: Diego Villalpando
-- Mail:  diego.a.villalpando@ciencias.unam.mx
------------------------------------------------------------

--60 CLIENTE OK
insert into cliente (curp, nombres, apellidos, fecha_nacimiento) values ('NIJK261107MYNVZZ', 'Pembroke', 'Gwillyam', '1995-10-29');
insert into cliente (curp, nombres, apellidos, fecha_nacimiento) values ('GAPT701122HNEZZJ', 'Darelle', 'Tiddy', '1979-03-28');
insert into cliente (curp, nombres, apellidos, fecha_nacimiento) values ('AUQZ231215MNEVBZ', 'Byram', 'Leith', '1908-09-02');
insert into cliente (curp, nombres, apellidos, fecha_nacimiento) values ('AOEA15937MNEZZZ', 'Ferrell', 'Spinella', '1964-06-19');
insert into cliente (curp, nombres, apellidos, fecha_nacimiento) values ('GIRO881223HYNJVZ', 'Tove', 'Birdfield', '1939-08-30');
insert into cliente (curp, nombres, apellidos, fecha_nacimiento) values ('GEHW721106MZSZZB', 'Charmion', 'Elbourn', '1994-01-26');
insert into cliente (curp, nombres, apellidos, fecha_nacimiento) values ('AABE121031HNEVZV', 'Abran', 'Orrow', '1924-03-20');
insert into cliente (curp, nombres, apellidos, fecha_nacimiento) values ('JUIG281234HNEZZZ', 'Sianna', 'Ygo', '1965-01-24');
insert into cliente (curp, nombres, apellidos, fecha_nacimiento) values ('SUGK65927HNEPZJ', 'Verna', 'Scrivin', '1990-03-18');
insert into cliente (curp, nombres, apellidos, fecha_nacimiento) values ('FUPC081226HZSZZZ', 'Eliza', 'Blick', '1931-10-30');
insert into cliente (curp, nombres, apellidos, fecha_nacimiento) values ('KUPM171138HNEPPP', 'Thorn', 'Jeens', '1976-02-12');
insert into cliente (curp, nombres, apellidos, fecha_nacimiento) values ('COKD88931MNEVVV', 'Felecia', 'Bloodworthe', '1911-07-31');
insert into cliente (curp, nombres, apellidos, fecha_nacimiento) values ('BUCE631115MNEZZZ', 'Herb', 'Batrim', '1916-07-11');
insert into cliente (curp, nombres, apellidos, fecha_nacimiento) values ('NUPM681239MNEDZP', 'Tory', 'Sambles', '1991-04-17');
insert into cliente (curp, nombres, apellidos, fecha_nacimiento) values ('DENE821131HNEVZZ', 'Vanna', 'Cutress', '1968-09-14');
insert into cliente (curp, nombres, apellidos, fecha_nacimiento) values ('VOFG831126HNEBVP', 'Ky', 'Hewins', '1940-11-03');
insert into cliente (curp, nombres, apellidos, fecha_nacimiento) values ('COPJ941133HNEPZZ', 'Hans', 'Zorzenoni', '1987-08-20');
insert into cliente (curp, nombres, apellidos, fecha_nacimiento) values ('NUPO881021HNEZPZ', 'Kirbee', 'Twohig', '1977-01-12');
insert into cliente (curp, nombres, apellidos, fecha_nacimiento) values ('MOOI171032HYNZZZ', 'Merrill', 'McGavigan', '1979-06-04');
insert into cliente (curp, nombres, apellidos, fecha_nacimiento) values ('FUXN041207MNEJZV', 'Lanie', 'Graddell', '1981-08-09');
insert into cliente (curp, nombres, apellidos, fecha_nacimiento) values ('VUXF311229MNEVVP', 'Nico', 'Abrahamovitz', '1923-08-06');
insert into cliente (curp, nombres, apellidos, fecha_nacimiento) values ('AUVM411125HNEZZZ', 'Rayshell', 'Hendrickx', '1969-01-25');
insert into cliente (curp, nombres, apellidos, fecha_nacimiento) values ('PUFI101130HNEVZP', 'Carter', 'Stonbridge', '1936-03-19');
insert into cliente (curp, nombres, apellidos, fecha_nacimiento) values ('PUTG941132MZSVZZ', 'Fernande', 'Orringe', '1969-03-11');
insert into cliente (curp, nombres, apellidos, fecha_nacimiento) values ('IUHN111125MYNZZP', 'Sisely', 'Sotham', '1902-12-18');
insert into cliente (curp, nombres, apellidos, fecha_nacimiento) values ('YUED181120MNEBZJ', 'Rem', 'Feavyour', '1993-04-20');
insert into cliente (curp, nombres, apellidos, fecha_nacimiento) values ('JUBU021105MYNZPV', 'Massimiliano', 'Golbourn', '1957-03-22');
insert into cliente (curp, nombres, apellidos, fecha_nacimiento) values ('NUPM981235MYNPPZ', 'Carney', 'Chatres', '1927-01-11');
insert into cliente (curp, nombres, apellidos, fecha_nacimiento) values ('UUVK181238MNEJJZ', 'Kelsey', 'Eastby', '1976-03-19');
insert into cliente (curp, nombres, apellidos, fecha_nacimiento) values ('ZANI081221HZSZJZ', 'Barney', 'Kittless', '1981-07-06');
insert into cliente (curp, nombres, apellidos, fecha_nacimiento) values ('POWK131239MZSZVZ', 'Layton', 'Kun', '1963-07-26');
insert into cliente (curp, nombres, apellidos, fecha_nacimiento) values ('ZIJL671024MNEBPV', 'Mari', 'Treuge', '1969-06-04');
insert into cliente (curp, nombres, apellidos, fecha_nacimiento) values ('YUTD801019HTSPBZ', 'Barty', 'Ruttgers', '1929-07-13');
insert into cliente (curp, nombres, apellidos, fecha_nacimiento) values ('VIWG771230MVZVJZ', 'Wilden', 'McAless', '1967-11-02');
insert into cliente (curp, nombres, apellidos, fecha_nacimiento) values ('IUFR88727MNEZJZ', 'Englebert', 'State', '1976-07-21');
insert into cliente (curp, nombres, apellidos, fecha_nacimiento) values ('BUEI231021MZSZVZ', 'Quinta', 'Renneke', '1947-01-14');
insert into cliente (curp, nombres, apellidos, fecha_nacimiento) values ('XUDR80935HYNVZD', 'Diena', 'Streets', '1987-07-02');
insert into cliente (curp, nombres, apellidos, fecha_nacimiento) values ('UUJS061000MNEZDZ', 'Mirna', 'Neilands', '1954-11-29');
insert into cliente (curp, nombres, apellidos, fecha_nacimiento) values ('JOIF351135HNEZPV', 'Conrade', 'Jerche', '1992-01-22');
insert into cliente (curp, nombres, apellidos, fecha_nacimiento) values ('RUUR961033MNEBPV', 'Nerita', 'Glew', '1932-06-02');
insert into cliente (curp, nombres, apellidos, fecha_nacimiento) values ('TUZM431136MNEVZJ', 'Quillan', 'Teggin', '1948-08-20');
insert into cliente (curp, nombres, apellidos, fecha_nacimiento) values ('CIPB811206MNEZPZ', 'Augustus', 'D''eathe', '1987-04-06');
insert into cliente (curp, nombres, apellidos, fecha_nacimiento) values ('HIBE491121HNEZVP', 'Haily', 'Fern', '1983-04-11');
insert into cliente (curp, nombres, apellidos, fecha_nacimiento) values ('RONG251230MZSZZV', 'Chrissie', 'Goolding', '1990-09-21');
insert into cliente (curp, nombres, apellidos, fecha_nacimiento) values ('IIWC571136MNEZVZ', 'Starla', 'Fall', '1956-08-18');
insert into cliente (curp, nombres, apellidos, fecha_nacimiento) values ('COFW041235MNEVVZ', 'Eben', 'Pimmocke', '1973-01-07');
insert into cliente (curp, nombres, apellidos, fecha_nacimiento) values ('NOHO561228MZSPZP', 'Loraine', 'Horsley', '1981-09-13');
insert into cliente (curp, nombres, apellidos, fecha_nacimiento) values ('WUAJ551022MNEZVZ', 'Becca', 'Apark', '1939-11-02');
insert into cliente (curp, nombres, apellidos, fecha_nacimiento) values ('EUPD73709HYNZPZ', 'Boote', 'Briamo', '1969-01-10');
insert into cliente (curp, nombres, apellidos, fecha_nacimiento) values ('KETN591033HTLZZZ', 'Dorothy', 'Baldetti', '1926-01-15');
insert into cliente (curp, nombres, apellidos, fecha_nacimiento) values ('EEBF751123MVZPVD', 'Nadine', 'Sanches', '1943-12-16');
insert into cliente (curp, nombres, apellidos, fecha_nacimiento) values ('BUAS541134HSPJZZ', 'Dina', 'Shew', '1913-01-11');
insert into cliente (curp, nombres, apellidos, fecha_nacimiento) values ('ZUCS581229HNEZPP', 'Kiri', 'Simoens', '1951-09-20');
insert into cliente (curp, nombres, apellidos, fecha_nacimiento) values ('QULO161137HZSZZZ', 'Bronnie', 'Beggs', '1937-01-04');
insert into cliente (curp, nombres, apellidos, fecha_nacimiento) values ('SUBZ531225HNEJVV', 'Yelena', 'Gillbard', '1958-07-24');
insert into cliente (curp, nombres, apellidos, fecha_nacimiento) values ('WUHG441226HNEVBZ', 'Blake', 'Bloan', '1983-06-28');
insert into cliente (curp, nombres, apellidos, fecha_nacimiento) values ('MUCH60924HZSZZP', 'Consalve', 'Burford', '1963-02-13');
insert into cliente (curp, nombres, apellidos, fecha_nacimiento) values ('BIFL661126MYNZVZ', 'Ricky', 'Arrighini', '1969-05-05');
insert into cliente (curp, nombres, apellidos, fecha_nacimiento) values ('HOYP19835HZSZZZ', 'Caritta', 'Price', '1964-07-18');
insert into cliente (curp, nombres, apellidos, fecha_nacimiento) values ('LUPY17833HYNPVZ', 'Kaela', 'Lawless', '1975-03-04');

--60 CORREO CLIENTE OK
insert into cliente_correo_e (curp, direccion) values ('NIJK261107MYNVZZ', 'example@mail.edu');
insert into cliente_correo_e (curp, direccion) values ('GAPT701122HNEZZJ', 'example@mail.edu');
insert into cliente_correo_e (curp, direccion) values ('AUQZ231215MNEVBZ', 'example@mail.edu');
insert into cliente_correo_e (curp, direccion) values ('AOEA15937MNEZZZ', 'example@mail.edu');
insert into cliente_correo_e (curp, direccion) values ('GIRO881223HYNJVZ', 'example@mail.edu');
insert into cliente_correo_e (curp, direccion) values ('GEHW721106MZSZZB', 'example@mail.edu');
insert into cliente_correo_e (curp, direccion) values ('AABE121031HNEVZV', 'example@mail.edu');
insert into cliente_correo_e (curp, direccion) values ('JUIG281234HNEZZZ', 'example@mail.edu');
insert into cliente_correo_e (curp, direccion) values ('SUGK65927HNEPZJ', 'example@mail.edu');
insert into cliente_correo_e (curp, direccion) values ('FUPC081226HZSZZZ', 'example@mail.edu');
insert into cliente_correo_e (curp, direccion) values ('KUPM171138HNEPPP', 'example@mail.edu');
insert into cliente_correo_e (curp, direccion) values ('COKD88931MNEVVV', 'example@mail.edu');
insert into cliente_correo_e (curp, direccion) values ('BUCE631115MNEZZZ', 'example@mail.edu');
insert into cliente_correo_e (curp, direccion) values ('NUPM681239MNEDZP', 'example@mail.edu');
insert into cliente_correo_e (curp, direccion) values ('DENE821131HNEVZZ', 'example@mail.edu');
insert into cliente_correo_e (curp, direccion) values ('VOFG831126HNEBVP', 'example@mail.edu');
insert into cliente_correo_e (curp, direccion) values ('COPJ941133HNEPZZ', 'example@mail.edu');
insert into cliente_correo_e (curp, direccion) values ('NUPO881021HNEZPZ', 'example@mail.edu');
insert into cliente_correo_e (curp, direccion) values ('MOOI171032HYNZZZ', 'example@mail.edu');
insert into cliente_correo_e (curp, direccion) values ('FUXN041207MNEJZV', 'example@mail.edu');
insert into cliente_correo_e (curp, direccion) values ('VUXF311229MNEVVP', 'example@mail.edu');
insert into cliente_correo_e (curp, direccion) values ('AUVM411125HNEZZZ', 'example@mail.edu');
insert into cliente_correo_e (curp, direccion) values ('PUFI101130HNEVZP', 'example@mail.edu');
insert into cliente_correo_e (curp, direccion) values ('PUTG941132MZSVZZ', 'example@mail.edu');
insert into cliente_correo_e (curp, direccion) values ('IUHN111125MYNZZP', 'example@mail.edu');
insert into cliente_correo_e (curp, direccion) values ('YUED181120MNEBZJ', 'example@mail.edu');
insert into cliente_correo_e (curp, direccion) values ('JUBU021105MYNZPV', 'example@mail.edu');
insert into cliente_correo_e (curp, direccion) values ('NUPM981235MYNPPZ', 'example@mail.edu');
insert into cliente_correo_e (curp, direccion) values ('UUVK181238MNEJJZ', 'example@mail.edu');
insert into cliente_correo_e (curp, direccion) values ('ZANI081221HZSZJZ', 'example@mail.edu');
insert into cliente_correo_e (curp, direccion) values ('POWK131239MZSZVZ', 'example@mail.edu');
insert into cliente_correo_e (curp, direccion) values ('ZIJL671024MNEBPV', 'example@mail.edu');
insert into cliente_correo_e (curp, direccion) values ('YUTD801019HTSPBZ', 'example@mail.edu');
insert into cliente_correo_e (curp, direccion) values ('VIWG771230MVZVJZ', 'example@mail.edu');
insert into cliente_correo_e (curp, direccion) values ('IUFR88727MNEZJZ', 'example@mail.edu');
insert into cliente_correo_e (curp, direccion) values ('BUEI231021MZSZVZ', 'example@mail.edu');
insert into cliente_correo_e (curp, direccion) values ('XUDR80935HYNVZD', 'example@mail.edu');
insert into cliente_correo_e (curp, direccion) values ('UUJS061000MNEZDZ', 'example@mail.edu');
insert into cliente_correo_e (curp, direccion) values ('JOIF351135HNEZPV', 'example@mail.edu');
insert into cliente_correo_e (curp, direccion) values ('RUUR961033MNEBPV', 'example@mail.edu');
insert into cliente_correo_e (curp, direccion) values ('TUZM431136MNEVZJ', 'example@mail.edu');
insert into cliente_correo_e (curp, direccion) values ('CIPB811206MNEZPZ', 'example@mail.edu');
insert into cliente_correo_e (curp, direccion) values ('HIBE491121HNEZVP', 'example@mail.edu');
insert into cliente_correo_e (curp, direccion) values ('RONG251230MZSZZV', 'example@mail.edu');
insert into cliente_correo_e (curp, direccion) values ('IIWC571136MNEZVZ', 'example@mail.edu');
insert into cliente_correo_e (curp, direccion) values ('COFW041235MNEVVZ', 'example@mail.edu');
insert into cliente_correo_e (curp, direccion) values ('NOHO561228MZSPZP', 'example@mail.edu');
insert into cliente_correo_e (curp, direccion) values ('WUAJ551022MNEZVZ', 'example@mail.edu');
insert into cliente_correo_e (curp, direccion) values ('EUPD73709HYNZPZ', 'example@mail.edu');
insert into cliente_correo_e (curp, direccion) values ('KETN591033HTLZZZ', 'example@mail.edu');
insert into cliente_correo_e (curp, direccion) values ('EEBF751123MVZPVD', 'example@mail.edu');
insert into cliente_correo_e (curp, direccion) values ('BUAS541134HSPJZZ', 'example@mail.edu');
insert into cliente_correo_e (curp, direccion) values ('ZUCS581229HNEZPP', 'example@mail.edu');
insert into cliente_correo_e (curp, direccion) values ('QULO161137HZSZZZ', 'example@mail.edu');
insert into cliente_correo_e (curp, direccion) values ('SUBZ531225HNEJVV', 'example@mail.edu');
insert into cliente_correo_e (curp, direccion) values ('WUHG441226HNEVBZ', 'example@mail.edu');
insert into cliente_correo_e (curp, direccion) values ('MUCH60924HZSZZP', 'example@mail.edu');
insert into cliente_correo_e (curp, direccion) values ('BIFL661126MYNZVZ', 'example@mail.edu');
insert into cliente_correo_e (curp, direccion) values ('HOYP19835HZSZZZ', 'example@mail.edu');
insert into cliente_correo_e (curp, direccion) values ('LUPY17833HYNPVZ', 'example@mail.edu');

--60 TELEFONO CLIENTE OK
insert into cliente_telefono (curp, numero) values ('NIJK261107MYNVZZ', 5555555555);
insert into cliente_telefono (curp, numero) values ('GAPT701122HNEZZJ', 5555555555);
insert into cliente_telefono (curp, numero) values ('AUQZ231215MNEVBZ', 5555555555);
insert into cliente_telefono (curp, numero) values ('AOEA15937MNEZZZ', 5555555555);
insert into cliente_telefono (curp, numero) values ('GIRO881223HYNJVZ', 5555555555);
insert into cliente_telefono (curp, numero) values ('GEHW721106MZSZZB', 5555555555);
insert into cliente_telefono (curp, numero) values ('AABE121031HNEVZV', 5555555555);
insert into cliente_telefono (curp, numero) values ('JUIG281234HNEZZZ', 5555555555);
insert into cliente_telefono (curp, numero) values ('SUGK65927HNEPZJ', 5555555555);
insert into cliente_telefono (curp, numero) values ('FUPC081226HZSZZZ', 5555555555);
insert into cliente_telefono (curp, numero) values ('KUPM171138HNEPPP', 5555555555);
insert into cliente_telefono (curp, numero) values ('COKD88931MNEVVV', 5555555555);
insert into cliente_telefono (curp, numero) values ('BUCE631115MNEZZZ', 5555555555);
insert into cliente_telefono (curp, numero) values ('NUPM681239MNEDZP', 5555555555);
insert into cliente_telefono (curp, numero) values ('DENE821131HNEVZZ', 5555555555);
insert into cliente_telefono (curp, numero) values ('VOFG831126HNEBVP', 5555555555);
insert into cliente_telefono (curp, numero) values ('COPJ941133HNEPZZ', 5555555555);
insert into cliente_telefono (curp, numero) values ('NUPO881021HNEZPZ', 5555555555);
insert into cliente_telefono (curp, numero) values ('MOOI171032HYNZZZ', 5555555555);
insert into cliente_telefono (curp, numero) values ('FUXN041207MNEJZV', 5555555555);
insert into cliente_telefono (curp, numero) values ('VUXF311229MNEVVP', 5555555555);
insert into cliente_telefono (curp, numero) values ('AUVM411125HNEZZZ', 5555555555);
insert into cliente_telefono (curp, numero) values ('PUFI101130HNEVZP', 5555555555);
insert into cliente_telefono (curp, numero) values ('PUTG941132MZSVZZ', 5555555555);
insert into cliente_telefono (curp, numero) values ('IUHN111125MYNZZP', 5555555555);
insert into cliente_telefono (curp, numero) values ('YUED181120MNEBZJ', 5555555555);
insert into cliente_telefono (curp, numero) values ('JUBU021105MYNZPV', 5555555555);
insert into cliente_telefono (curp, numero) values ('NUPM981235MYNPPZ', 5555555555);
insert into cliente_telefono (curp, numero) values ('UUVK181238MNEJJZ', 5555555555);
insert into cliente_telefono (curp, numero) values ('ZANI081221HZSZJZ', 5555555555);
insert into cliente_telefono (curp, numero) values ('POWK131239MZSZVZ', 5555555555);
insert into cliente_telefono (curp, numero) values ('ZIJL671024MNEBPV', 5555555555);
insert into cliente_telefono (curp, numero) values ('YUTD801019HTSPBZ', 5555555555);
insert into cliente_telefono (curp, numero) values ('VIWG771230MVZVJZ', 5555555555);
insert into cliente_telefono (curp, numero) values ('IUFR88727MNEZJZ', 5555555555);
insert into cliente_telefono (curp, numero) values ('BUEI231021MZSZVZ', 5555555555);
insert into cliente_telefono (curp, numero) values ('XUDR80935HYNVZD', 5555555555);
insert into cliente_telefono (curp, numero) values ('UUJS061000MNEZDZ', 5555555555);
insert into cliente_telefono (curp, numero) values ('JOIF351135HNEZPV', 5555555555);
insert into cliente_telefono (curp, numero) values ('RUUR961033MNEBPV', 5555555555);
insert into cliente_telefono (curp, numero) values ('TUZM431136MNEVZJ', 5555555555);
insert into cliente_telefono (curp, numero) values ('CIPB811206MNEZPZ', 5555555555);
insert into cliente_telefono (curp, numero) values ('HIBE491121HNEZVP', 5555555555);
insert into cliente_telefono (curp, numero) values ('RONG251230MZSZZV', 5555555555);
insert into cliente_telefono (curp, numero) values ('IIWC571136MNEZVZ', 5555555555);
insert into cliente_telefono (curp, numero) values ('COFW041235MNEVVZ', 5555555555);
insert into cliente_telefono (curp, numero) values ('NOHO561228MZSPZP', 5555555555);
insert into cliente_telefono (curp, numero) values ('WUAJ551022MNEZVZ', 5555555555);
insert into cliente_telefono (curp, numero) values ('EUPD73709HYNZPZ', 5555555555);
insert into cliente_telefono (curp, numero) values ('KETN591033HTLZZZ', 5555555555);
insert into cliente_telefono (curp, numero) values ('EEBF751123MVZPVD', 5555555555);
insert into cliente_telefono (curp, numero) values ('BUAS541134HSPJZZ', 5555555555);
insert into cliente_telefono (curp, numero) values ('ZUCS581229HNEZPP', 5555555555);
insert into cliente_telefono (curp, numero) values ('QULO161137HZSZZZ', 5555555555);
insert into cliente_telefono (curp, numero) values ('SUBZ531225HNEJVV', 5555555555);
insert into cliente_telefono (curp, numero) values ('WUHG441226HNEVBZ', 5555555555);
insert into cliente_telefono (curp, numero) values ('MUCH60924HZSZZP', 5555555555);
insert into cliente_telefono (curp, numero) values ('BIFL661126MYNZVZ', 5555555555);
insert into cliente_telefono (curp, numero) values ('HOYP19835HZSZZZ', 5555555555);
insert into cliente_telefono (curp, numero) values ('LUPY17833HYNPVZ', 5555555555);

--60 tarjeta OK
insert into tarjeta(curp, distancia, puntos, num_viajes) values ('NIJK261107MYNVZZ',  0, 0, 0);
insert into tarjeta(curp, distancia, puntos, num_viajes) values ('GAPT701122HNEZZJ',  0, 0, 0);
insert into tarjeta(curp, distancia, puntos, num_viajes) values ('AUQZ231215MNEVBZ',  0, 0, 0);
insert into tarjeta(curp, distancia, puntos, num_viajes) values ('AOEA15937MNEZZZ',  0, 0, 0);
insert into tarjeta(curp, distancia, puntos, num_viajes) values ('GIRO881223HYNJVZ',  0, 0, 0);
insert into tarjeta(curp, distancia, puntos, num_viajes) values ('GEHW721106MZSZZB',  0, 0, 0);
insert into tarjeta(curp, distancia, puntos, num_viajes) values ('AABE121031HNEVZV',  0, 0, 0);
insert into tarjeta(curp, distancia, puntos, num_viajes) values ('JUIG281234HNEZZZ',  0, 0, 0);
insert into tarjeta(curp, distancia, puntos, num_viajes) values ('SUGK65927HNEPZJ',  0, 0, 0);
insert into tarjeta(curp, distancia, puntos, num_viajes) values ('FUPC081226HZSZZZ',  0, 0, 0);
insert into tarjeta(curp, distancia, puntos, num_viajes) values ('KUPM171138HNEPPP',  0, 0, 0);
insert into tarjeta(curp, distancia, puntos, num_viajes) values ('COKD88931MNEVVV',  0, 0, 0);
insert into tarjeta(curp, distancia, puntos, num_viajes) values ('BUCE631115MNEZZZ',  0, 0, 0);
insert into tarjeta(curp, distancia, puntos, num_viajes) values ('NUPM681239MNEDZP',  0, 0, 0);
insert into tarjeta(curp, distancia, puntos, num_viajes) values ('DENE821131HNEVZZ',  0, 0, 0);
insert into tarjeta(curp, distancia, puntos, num_viajes) values ('VOFG831126HNEBVP',  0, 0, 0);
insert into tarjeta(curp, distancia, puntos, num_viajes) values ('COPJ941133HNEPZZ',  0, 0, 0);
insert into tarjeta(curp, distancia, puntos, num_viajes) values ('NUPO881021HNEZPZ',  0, 0, 0);
insert into tarjeta(curp, distancia, puntos, num_viajes) values ('MOOI171032HYNZZZ',  0, 0, 0);
insert into tarjeta(curp, distancia, puntos, num_viajes) values ('FUXN041207MNEJZV',  0, 0, 0);
insert into tarjeta(curp, distancia, puntos, num_viajes) values ('VUXF311229MNEVVP',  0, 0, 0);
insert into tarjeta(curp, distancia, puntos, num_viajes) values ('AUVM411125HNEZZZ',  0, 0, 0);
insert into tarjeta(curp, distancia, puntos, num_viajes) values ('PUFI101130HNEVZP',  0, 0, 0);
insert into tarjeta(curp, distancia, puntos, num_viajes) values ('PUTG941132MZSVZZ',  0, 0, 0);
insert into tarjeta(curp, distancia, puntos, num_viajes) values ('IUHN111125MYNZZP',  0, 0, 0);
insert into tarjeta(curp, distancia, puntos, num_viajes) values ('YUED181120MNEBZJ',  0, 0, 0);
insert into tarjeta(curp, distancia, puntos, num_viajes) values ('JUBU021105MYNZPV',  0, 0, 0);
insert into tarjeta(curp, distancia, puntos, num_viajes) values ('NUPM981235MYNPPZ',  0, 0, 0);
insert into tarjeta(curp, distancia, puntos, num_viajes) values ('UUVK181238MNEJJZ',  0, 0, 0);
insert into tarjeta(curp, distancia, puntos, num_viajes) values ('ZANI081221HZSZJZ',  0, 0, 0);
insert into tarjeta(curp, distancia, puntos, num_viajes) values ('POWK131239MZSZVZ',  0, 0, 0);
insert into tarjeta(curp, distancia, puntos, num_viajes) values ('ZIJL671024MNEBPV',  0, 0, 0);
insert into tarjeta(curp, distancia, puntos, num_viajes) values ('YUTD801019HTSPBZ',  0, 0, 0);
insert into tarjeta(curp, distancia, puntos, num_viajes) values ('VIWG771230MVZVJZ',  0, 0, 0);
insert into tarjeta(curp, distancia, puntos, num_viajes) values ('IUFR88727MNEZJZ',  0, 0, 0);
insert into tarjeta(curp, distancia, puntos, num_viajes) values ('BUEI231021MZSZVZ',  0, 0, 0);
insert into tarjeta(curp, distancia, puntos, num_viajes) values ('XUDR80935HYNVZD',  0, 0, 0);
insert into tarjeta(curp, distancia, puntos, num_viajes) values ('UUJS061000MNEZDZ',  0, 0, 0);
insert into tarjeta(curp, distancia, puntos, num_viajes) values ('JOIF351135HNEZPV',  0, 0, 0);
insert into tarjeta(curp, distancia, puntos, num_viajes) values ('RUUR961033MNEBPV',  0, 0, 0);
insert into tarjeta(curp, distancia, puntos, num_viajes) values ('TUZM431136MNEVZJ',  0, 0, 0);
insert into tarjeta(curp, distancia, puntos, num_viajes) values ('CIPB811206MNEZPZ',  0, 0, 0);
insert into tarjeta(curp, distancia, puntos, num_viajes) values ('HIBE491121HNEZVP',  0, 0, 0);
insert into tarjeta(curp, distancia, puntos, num_viajes) values ('RONG251230MZSZZV',  0, 0, 0);
insert into tarjeta(curp, distancia, puntos, num_viajes) values ('IIWC571136MNEZVZ',  0, 0, 0);
insert into tarjeta(curp, distancia, puntos, num_viajes) values ('COFW041235MNEVVZ',  0, 0, 0);
insert into tarjeta(curp, distancia, puntos, num_viajes) values ('NOHO561228MZSPZP',  0, 0, 0);
insert into tarjeta(curp, distancia, puntos, num_viajes) values ('WUAJ551022MNEZVZ',  0, 0, 0);
insert into tarjeta(curp, distancia, puntos, num_viajes) values ('EUPD73709HYNZPZ',  0, 0, 0);
insert into tarjeta(curp, distancia, puntos, num_viajes) values ('KETN591033HTLZZZ',  0, 0, 0);
insert into tarjeta(curp, distancia, puntos, num_viajes) values ('EEBF751123MVZPVD',  0, 0, 0);
insert into tarjeta(curp, distancia, puntos, num_viajes) values ('BUAS541134HSPJZZ',  0, 0, 0);
insert into tarjeta(curp, distancia, puntos, num_viajes) values ('ZUCS581229HNEZPP',  0, 0, 0);
insert into tarjeta(curp, distancia, puntos, num_viajes) values ('QULO161137HZSZZZ',  0, 0, 0);
insert into tarjeta(curp, distancia, puntos, num_viajes) values ('SUBZ531225HNEJVV',  0, 0, 0);
insert into tarjeta(curp, distancia, puntos, num_viajes) values ('WUHG441226HNEVBZ',  0, 0, 0);
insert into tarjeta(curp, distancia, puntos, num_viajes) values ('MUCH60924HZSZZP',  0, 0, 0);
insert into tarjeta(curp, distancia, puntos, num_viajes) values ('BIFL661126MYNZVZ',  0, 0, 0);
insert into tarjeta(curp, distancia, puntos, num_viajes) values ('HOYP19835HZSZZZ',  0, 0, 0);
insert into tarjeta(curp, distancia, puntos, num_viajes) values ('LUPY17833HYNPVZ',  0, 0, 0);

--30 CHOFER PERSONA OK
insert into chofer_persona (curp, nombres, apellidos, fecha_nacimiento) values ('KURJ861133MNEZJV', 'Sheeree', 'Renzo', '1952-04-20');
insert into chofer_persona (curp, nombres, apellidos, fecha_nacimiento) values ('YOSL431036HVZVVD', 'Harlin', 'Yukhnev', '1967-06-01');
insert into chofer_persona (curp, nombres, apellidos, fecha_nacimiento) values ('VEQN251235HNEZDV', 'Shir', 'Brosel', '1933-10-20');
insert into chofer_persona (curp, nombres, apellidos, fecha_nacimiento) values ('HUVS331129MYNZZZ', 'Devland', 'Martt', '1937-07-02');
insert into chofer_persona (curp, nombres, apellidos, fecha_nacimiento) values ('OAZO921035HYNVZV', 'Lewiss', 'Rowes', '2013-11-05');
insert into chofer_persona (curp, nombres, apellidos, fecha_nacimiento) values ('BUEU461130HNEZZV', 'Brit', 'Nestoruk', '1998-08-17');
insert into chofer_persona (curp, nombres, apellidos, fecha_nacimiento) values ('EUYT57930HNEPVP', 'Mary', 'Bestall', '2015-12-08');
insert into chofer_persona (curp, nombres, apellidos, fecha_nacimiento) values ('WUUB301032HNEZZZ', 'Sayer', 'Heales', '1921-01-22');
insert into chofer_persona (curp, nombres, apellidos, fecha_nacimiento) values ('PUFR71910MNEPZV', 'Godwin', 'McCrossan', '1985-10-18');
insert into chofer_persona (curp, nombres, apellidos, fecha_nacimiento) values ('COXB901205HNEPZJ', 'Tannie', 'Turfitt', '2007-07-16');
insert into chofer_persona (curp, nombres, apellidos, fecha_nacimiento) values ('TUTW881219HNEZZZ', 'Alli', 'Westcott', '1932-01-19');
insert into chofer_persona (curp, nombres, apellidos, fecha_nacimiento) values ('COXV811229MYNZJZ', 'Coriss', 'Backhouse', '1907-07-26');
insert into chofer_persona (curp, nombres, apellidos, fecha_nacimiento) values ('EUUP931130HTSPZV', 'Maud', 'Huck', '1953-04-14');
insert into chofer_persona (curp, nombres, apellidos, fecha_nacimiento) values ('QUVU841016HNEZZB', 'Weber', 'Kinningley', '1955-02-11');
insert into chofer_persona (curp, nombres, apellidos, fecha_nacimiento) values ('SUCZ781202HZSVZZ', 'Jennie', 'Matuszewski', '1968-03-11');
insert into chofer_persona (curp, nombres, apellidos, fecha_nacimiento) values ('ZODY771224HNEZVZ', 'Nikolaus', 'Hawksley', '1937-04-03');
insert into chofer_persona (curp, nombres, apellidos, fecha_nacimiento) values ('JAZG941230MZSZZV', 'Rakel', 'cornhill', '1966-12-14');
insert into chofer_persona (curp, nombres, apellidos, fecha_nacimiento) values ('XEMO901007HNEZPZ', 'Zulema', 'Dodgshun', '1937-08-05');
insert into chofer_persona (curp, nombres, apellidos, fecha_nacimiento) values ('RUNP071200MNEJVP', 'Micheil', 'Nisuis', '1968-07-13');
insert into chofer_persona (curp, nombres, apellidos, fecha_nacimiento) values ('RAIC911222HNEVZZ', 'Shalne', 'Thumann', '1946-12-22');
insert into chofer_persona (curp, nombres, apellidos, fecha_nacimiento) values ('OIAW081211HZSZBP', 'Timotheus', 'Juris', '1940-02-06');
insert into chofer_persona (curp, nombres, apellidos, fecha_nacimiento) values ('VIAU791226HZSVPV', 'Dody', 'Winyard', '1916-10-06');
insert into chofer_persona (curp, nombres, apellidos, fecha_nacimiento) values ('RUML941000MNEPZP', 'Katerina', 'Maden', '1924-09-17');
insert into chofer_persona (curp, nombres, apellidos, fecha_nacimiento) values ('KUJA49608HNEZPZ', 'Aksel', 'Prendergrast', '1927-07-13');
insert into chofer_persona (curp, nombres, apellidos, fecha_nacimiento) values ('XUKJ81831MNEZPB', 'Berkeley', 'Baylis', '1912-04-22');
insert into chofer_persona (curp, nombres, apellidos, fecha_nacimiento) values ('AOPQ231236HVZVZZ', 'Trueman', 'Stopforth', '2001-03-27');
insert into chofer_persona (curp, nombres, apellidos, fecha_nacimiento) values ('YIEL311126HTLZJV', 'Ron', 'Barby', '1908-04-05');
insert into chofer_persona (curp, nombres, apellidos, fecha_nacimiento) values ('LIQG201038MNEZZB', 'Antonio', 'Eccleston', '1948-07-07');
insert into chofer_persona (curp, nombres, apellidos, fecha_nacimiento) values ('RUXE64824MNEVBV', 'Marthena', 'Godin', '2013-06-30');
insert into chofer_persona (curp, nombres, apellidos, fecha_nacimiento) values ('XALD601107HYNVVZ', 'Marcos', 'Jaye', '1989-12-31');


--30 CHOFER FISCAL OK
insert into chofer_fiscal (rfc, curp, regimen_fiscal) values ('ZUZC7411391K9', 'KURJ861133MNEZJV', 'M');
insert into chofer_fiscal (rfc, curp, regimen_fiscal) values ('YODT848344S4', 'YOSL431036HVZVVD', 'M');
insert into chofer_fiscal (rfc, curp, regimen_fiscal) values ('KUBT9512271I0', 'VEQN251235HNEZDV', 'F');
insert into chofer_fiscal (rfc, curp, regimen_fiscal) values ('JUPS5811296E2', 'HUVS331129MYNZZZ', 'E');
insert into chofer_fiscal (rfc, curp, regimen_fiscal) values ('QUGB4811374H9', 'OAZO921035HYNVZV', 'M');
insert into chofer_fiscal (rfc, curp, regimen_fiscal) values ('MOGL5312393E6', 'BUEU461130HNEZZV', 'F');
insert into chofer_fiscal (rfc, curp, regimen_fiscal) values ('UUVP9112021X3', 'EUYT57930HNEPVP', 'E');
insert into chofer_fiscal (rfc, curp, regimen_fiscal) values ('TUBW7212281H9', 'WUUB301032HNEZZZ', 'F');
insert into chofer_fiscal (rfc, curp, regimen_fiscal) values ('CUHI5610223I6', 'PUFR71910MNEPZV', 'M');
insert into chofer_fiscal (rfc, curp, regimen_fiscal) values ('WUFQ7911246I2', 'COXB901205HNEPZJ', 'M');
insert into chofer_fiscal (rfc, curp, regimen_fiscal) values ('AUDA9411349R2', 'TUTW881219HNEZZZ', 'M');
insert into chofer_fiscal (rfc, curp, regimen_fiscal) values ('FUAK1010310G8', 'COXV811229MYNZJZ', 'E');
insert into chofer_fiscal (rfc, curp, regimen_fiscal) values ('IUIB0012180E7', 'EUUP931130HTSPZV', 'E');
insert into chofer_fiscal (rfc, curp, regimen_fiscal) values ('CUCI4312165O1', 'QUVU841016HNEZZB', 'E');
insert into chofer_fiscal (rfc, curp, regimen_fiscal) values ('AUVR0711348R3', 'SUCZ781202HZSVZZ', 'M');
insert into chofer_fiscal (rfc, curp, regimen_fiscal) values ('OUKT9011218Q8', 'ZODY771224HNEZVZ', 'E');
insert into chofer_fiscal (rfc, curp, regimen_fiscal) values ('RICD9411080G1', 'JAZG941230MZSZZV', 'M');
insert into chofer_fiscal (rfc, curp, regimen_fiscal) values ('VUIU479317H7', 'XEMO901007HNEZPZ', 'E');
insert into chofer_fiscal (rfc, curp, regimen_fiscal) values ('UUWI697365T1', 'RUNP071200MNEJVP', 'E');
insert into chofer_fiscal (rfc, curp, regimen_fiscal) values ('POQJ7312386V8', 'RAIC911222HNEVZZ', 'F');
insert into chofer_fiscal (rfc, curp, regimen_fiscal) values ('TOVX438214T8', 'OIAW081211HZSZBP', 'M');
insert into chofer_fiscal (rfc, curp, regimen_fiscal) values ('NUHY199243X0', 'VIAU791226HZSVPV', 'E');
insert into chofer_fiscal (rfc, curp, regimen_fiscal) values ('SUTY165334K5', 'RUML941000MNEPZP', 'M');
insert into chofer_fiscal (rfc, curp, regimen_fiscal) values ('ZUXB8812082S9', 'KUJA49608HNEZPZ', 'M');
insert into chofer_fiscal (rfc, curp, regimen_fiscal) values ('IOSP7812258F0', 'XUKJ81831MNEZPB', 'F');
insert into chofer_fiscal (rfc, curp, regimen_fiscal) values ('ZUXF5111238U6', 'AOPQ231236HVZVZZ', 'M');
insert into chofer_fiscal (rfc, curp, regimen_fiscal) values ('OUVN5011206A2', 'YIEL311126HTLZJV', 'E');
insert into chofer_fiscal (rfc, curp, regimen_fiscal) values ('KUXU1511375E2', 'LIQG201038MNEZZB', 'E');
insert into chofer_fiscal (rfc, curp, regimen_fiscal) values ('ZUIM6210334E9', 'RUXE64824MNEVBV', 'E');
insert into chofer_fiscal (rfc, curp, regimen_fiscal) values ('QUEU3212399K2', 'XALD601107HYNVVZ', 'E');

UPDATE chofer_fiscal
SET curp = chofer_persona.curp
FROM chofer_persona;

--CHOFER TELEFONO

insert into chofer_telefono (curp, numero) values ('F47y4l1N349H8Id9', '2013902934');
insert into chofer_telefono (curp, numero) values ('BY2922S013624TXZ', '6032539743');
insert into chofer_telefono (curp, numero) values ('h224ckRTGUa38IM5', '0349706484');
insert into chofer_telefono (curp, numero) values ('zPMD28MBQGyy3iQf', '2763460225');
insert into chofer_telefono (curp, numero) values ('53eCl66133I9b77q', '5960068122');
insert into chofer_telefono (curp, numero) values ('h85520YU14557jd4', '4778878816');
insert into chofer_telefono (curp, numero) values ('792551765AI9GM3V', '1695314961');
insert into chofer_telefono (curp, numero) values ('g969N0935G7tFq32', '0260533197');
insert into chofer_telefono (curp, numero) values ('0vst57D7B38m0t0u', '0659147054');
insert into chofer_telefono (curp, numero) values ('mZXCa6z9WD3Id7W6', '6421808019');
insert into chofer_telefono (curp, numero) values ('IXQ87x8131BxVfU5', '1022240339');
insert into chofer_telefono (curp, numero) values ('T0L171VNQKq16zk1', '2228659176');
insert into chofer_telefono (curp, numero) values ('B25I6S6x91N661jc', '6551389582');
insert into chofer_telefono (curp, numero) values ('0Rz81AiLa888310L', '4739304595');
insert into chofer_telefono (curp, numero) values ('39Bt0577j0w7NDb8', '1011713481');
insert into chofer_telefono (curp, numero) values ('884jUfwZKj88h7Ra', '0616642178');
insert into chofer_telefono (curp, numero) values ('50L28a2VQw111N8e', '4620349904');
insert into chofer_telefono (curp, numero) values ('84T6VLq45L8B7000', '7074220115');
insert into chofer_telefono (curp, numero) values ('Y1VLnjlt8c2nh77c', '0694474425');
insert into chofer_telefono (curp, numero) values ('79I08f0ZO8d3COr7', '1172655437');
insert into chofer_telefono (curp, numero) values ('w5A2tji212m201R9', '0501411316');
insert into chofer_telefono (curp, numero) values ('UY99u9C61HJ3JWl5', '8707932791');
insert into chofer_telefono (curp, numero) values ('6053dq35g75WP21U', '5330855417');
insert into chofer_telefono (curp, numero) values ('bg0E5v6Q1b7h6124', '4485382016');
insert into chofer_telefono (curp, numero) values ('915I5X6Mu0pKw9Y9', '0379801586');
insert into chofer_telefono (curp, numero) values ('316obw35Uv9qFI23', '9853836104');
insert into chofer_telefono (curp, numero) values ('oa990ZJ6j5874Sh1', '5068726806');
insert into chofer_telefono (curp, numero) values ('oDT1Mv9KH5KDB8Z5', '3270910638');
insert into chofer_telefono (curp, numero) values ('4Y08B73QsXF149Os', '2559133318');
insert into chofer_telefono (curp, numero) values ('Rg9a7v6Rodw7Yb4N', '4168870758');

UPDATE chofer_telefono
SET curp = chofer_persona.curp
FROM chofer_persona;

--CHOFER CORREO

insert into chofer_correo_e (curp, direccion) values ('31v1ZDR7M265Z234', 'cwhewell0@issuu.com');
insert into chofer_correo_e (curp, direccion) values ('21g6AQ1Q4219R22j', 'rharsent1@tripod.com');
insert into chofer_correo_e (curp, direccion) values ('b6gYR860aPR72lGk', 'jskillington2@gmpg.org');
insert into chofer_correo_e (curp, direccion) values ('A0X21ZcZPhu7iGr8', 'lfelten3@google.de');
insert into chofer_correo_e (curp, direccion) values ('wp791b18ouWN1612', 'narnoll4@liveinternet.ru');
insert into chofer_correo_e (curp, direccion) values ('6086W7E3N8L56C9X', 'yderoeck5@arstechnica.com');
insert into chofer_correo_e (curp, direccion) values ('01pw7Ll3VKs01Oh7', 'tpercy6@disqus.com');
insert into chofer_correo_e (curp, direccion) values ('7V5Ni9zg4ImHJ7W8', 'bkrystof7@vk.com');
insert into chofer_correo_e (curp, direccion) values ('81m43xhRxbBM6G15', 'mirlam8@yale.edu');
insert into chofer_correo_e (curp, direccion) values ('W0295u35By47Ctw5', 'mmilburne9@de.vu');
insert into chofer_correo_e (curp, direccion) values ('pDU9hz5A2Vz4Pm8C', 'vbertouloumea@berkeley.edu');
insert into chofer_correo_e (curp, direccion) values ('O9869727Q1AFP36H', 'rradbandb@free.fr');
insert into chofer_correo_e (curp, direccion) values ('m1q3oN452C4s51c5', 'lkemmeyc@blinklist.com');
insert into chofer_correo_e (curp, direccion) values ('0418T4S36710DOi3', 'dmccardled@ezinearticles.com');
insert into chofer_correo_e (curp, direccion) values ('6897887K682h9w22', 'szavattarie@goo.gl');
insert into chofer_correo_e (curp, direccion) values ('29Q4o65853GX8402', 'cpensonf@nyu.edu');
insert into chofer_correo_e (curp, direccion) values ('J5Zp0BQ4cTb65iVs', 'clobg@wunderground.com');
insert into chofer_correo_e (curp, direccion) values ('KF82S4C6T383Ov3D', 'klongegah@discovery.com');
insert into chofer_correo_e (curp, direccion) values ('4FMs7625KVX1lZD3', 'khilleyi@foxnews.com');
insert into chofer_correo_e (curp, direccion) values ('7304w61j3D49458r', 'ppietj@bing.com');
insert into chofer_correo_e (curp, direccion) values ('x126xw3DsCFbhd73', 'cwitchk@reverbnation.com');
insert into chofer_correo_e (curp, direccion) values ('G4nd5lh300892A25', 'lolliarl@dagondesign.com');
insert into chofer_correo_e (curp, direccion) values ('KL11H12sP3K8LcIw', 'mgouldiem@live.com');
insert into chofer_correo_e (curp, direccion) values ('2bk03Kt50277630z', 'tocallerann@nsw.gov.au');
insert into chofer_correo_e (curp, direccion) values ('6PCW5U9Q837k2E1F', 'jsparwello@bravesites.com');
insert into chofer_correo_e (curp, direccion) values ('084X5pK2J0DP995F', 'lmatushenkop@marriott.com');
insert into chofer_correo_e (curp, direccion) values ('L85q8i0ipfo177a8', 'iblasettiq@phoca.cz');
insert into chofer_correo_e (curp, direccion) values ('82jx2Fa8kG79P458', 'lfrainer@usa.gov');
insert into chofer_correo_e (curp, direccion) values ('19ZpEi2Izqkqr45m', 'rgladwishs@macromedia.com');
insert into chofer_correo_e (curp, direccion) values ('6p94Cj5Y84FN6110', 'vmoneryt@bigcartel.com');

UPDATE chofer_correo_e
SET curp = chofer_persona.curp
FROM chofer_persona;

--CHOFER REF
insert into chofer_ref (rfc, calle) values ('401Zc0m1N04330oqq20C2', '27159 Summerview Point');
insert into chofer_ref (rfc, calle) values ('FGsvn64URwM4H405z37ZG', '8356 Crest Line Plaza');
insert into chofer_ref (rfc, calle) values ('w57b5924Has01d09P5S5i', '7419 Oakridge Crossing');
insert into chofer_ref (rfc, calle) values ('O41J9K7Tld7i3Q2w9780y', '2294 Moulton Junction');
insert into chofer_ref (rfc, calle) values ('4nY3qTq63KK6RcArTQ7r3', '6364 Sunfield Street');
insert into chofer_ref (rfc, calle) values ('fH9IvW0eAC9P70tt1H79s', '9 Superior Trail');
insert into chofer_ref (rfc, calle) values ('9i1B6Xo5DAQc0WG4hvkra', '73355 Dakota Circle');
insert into chofer_ref (rfc, calle) values ('IP05T1S9yBvJb0y631ORs', '8 Lien Place');
insert into chofer_ref (rfc, calle) values ('s5tQ0409OQZ95556saL47', '66 Morning Hill');
insert into chofer_ref (rfc, calle) values ('8OY8YeGf62x6G3142C40r', '98610 Browning Avenue');
insert into chofer_ref (rfc, calle) values ('PWW7i304373273fsi15r7', '80252 Kropf Place');
insert into chofer_ref (rfc, calle) values ('278Lj931424Xf5i01i88h', '2 Elgar Lane');
insert into chofer_ref (rfc, calle) values ('lyT8AQX94EhsQ81L829C7', '3213 Tony Place');
insert into chofer_ref (rfc, calle) values ('107qD1d70lzcR22L6i4Pl', '1149 Atwood Hill');
insert into chofer_ref (rfc, calle) values ('CLH1148Q50710S862r14l', '05 Ludington Terrace');
insert into chofer_ref (rfc, calle) values ('92U8et97bM6v1fLic43q4', '2577 6th Plaza');
insert into chofer_ref (rfc, calle) values ('l9N6O5BU5yH733F74gmu2', '24503 Forest Junction');
insert into chofer_ref (rfc, calle) values ('egW7y93Sdle5y03G2894a', '03 Lunder Crossing');
insert into chofer_ref (rfc, calle) values ('Mzx693GWa244m2ZqV46XB', '1 Montana Place');
insert into chofer_ref (rfc, calle) values ('a9x72q6Z4O3awC63y6SN1', '4 Lyons Alley');
insert into chofer_ref (rfc, calle) values ('020245sqz020GUb4I5hAl', '87 Kenwood Place');
insert into chofer_ref (rfc, calle) values ('W4aX1F7vMdh5tj4uY040L', '2036 Kingsford Terrace');
insert into chofer_ref (rfc, calle) values ('05yu18459ux207O9WiO0m', '7512 Lien Road');
insert into chofer_ref (rfc, calle) values ('ro2T1KG0sA3144I3o403z', '25606 Dovetail Lane');
insert into chofer_ref (rfc, calle) values ('rhq7Vu5197J7750Ty3u83', '4 Northridge Alley');
insert into chofer_ref (rfc, calle) values ('C62EDQdG78VSuSRo3BFLA', '35 Southridge Pass');
insert into chofer_ref (rfc, calle) values ('2161g7AQJf9m61P5f306s', '663 Dexter Junction');
insert into chofer_ref (rfc, calle) values ('82K032b56TY278W1Z3ISO', '1056 Di Loreto Center');
insert into chofer_ref (rfc, calle) values ('Qt4s8Z1yT96w95o1JIE13', '143 Debra Circle');
insert into chofer_ref (rfc, calle) values ('072LmP8l21FtCa784UMif', '99 Lerdahl Road');

UPDATE chofer_ref
SET rfc = chofer_fiscal.rfc
FROM chofer_fiscal;

--CHOFER DIRECCION
insert into chofer_direccion (calle, delegacion, estado) values ('501 Northport Center', 'Flint', 'Michigan');
insert into chofer_direccion (calle, delegacion, estado) values ('22380 Nevada Street', 'Dallas', 'Texas');
insert into chofer_direccion (calle, delegacion, estado) values ('18238 Lighthouse Bay Place', 'Akron', 'Ohio');
insert into chofer_direccion (calle, delegacion, estado) values ('26858 Fairfield Avenue', 'Gainesville', 'Florida');
insert into chofer_direccion (calle, delegacion, estado) values ('59 Macpherson Drive', 'Pasadena', 'California');
insert into chofer_direccion (calle, delegacion, estado) values ('50024 Wayridge Drive', 'Albuquerque', 'New Mexico');
insert into chofer_direccion (calle, delegacion, estado) values ('94933 Beilfuss Court', 'Phoenix', 'Arizona');
insert into chofer_direccion (calle, delegacion, estado) values ('193 Cascade Center', 'San Diego', 'California');
insert into chofer_direccion (calle, delegacion, estado) values ('2 Badeau Junction', 'Kalamazoo', 'Michigan');
insert into chofer_direccion (calle, delegacion, estado) values ('60283 Dryden Hill', 'Dayton', 'Ohio');
insert into chofer_direccion (calle, delegacion, estado) values ('7 Bay Circle', 'Anderson', 'Indiana');
insert into chofer_direccion (calle, delegacion, estado) values ('266 Dwight Road', 'Houston', 'Texas');
insert into chofer_direccion (calle, delegacion, estado) values ('9 Old Shore Hill', 'Concord', 'California');
insert into chofer_direccion (calle, delegacion, estado) values ('5150 Pawling Point', 'Brooklyn', 'New York');
insert into chofer_direccion (calle, delegacion, estado) values ('7 Hazelcrest Circle', 'Dallas', 'Texas');
insert into chofer_direccion (calle, delegacion, estado) values ('15792 Gina Drive', 'Jacksonville', 'Florida');
insert into chofer_direccion (calle, delegacion, estado) values ('622 Lakewood Gardens Park', 'Albany', 'New York');
insert into chofer_direccion (calle, delegacion, estado) values ('22 Golf Course Parkway', 'Rockville', 'Maryland');
insert into chofer_direccion (calle, delegacion, estado) values ('95136 Burning Wood Pass', 'Marietta', 'Georgia');
insert into chofer_direccion (calle, delegacion, estado) values ('2 Randy Court', 'Philadelphia', 'Pennsylvania');
insert into chofer_direccion (calle, delegacion, estado) values ('8 Sycamore Crossing', 'Washington', 'District of Columbia');
insert into chofer_direccion (calle, delegacion, estado) values ('47696 Old Gate Parkway', 'Aurora', 'Colorado');
insert into chofer_direccion (calle, delegacion, estado) values ('22 Moulton Lane', 'Johnson City', 'Tennessee');
insert into chofer_direccion (calle, delegacion, estado) values ('46 Sunfield Avenue', 'Los Angeles', 'California');
insert into chofer_direccion (calle, delegacion, estado) values ('53749 Elgar Place', 'Washington', 'District of Columbia');
insert into chofer_direccion (calle, delegacion, estado) values ('35 Prairieview Street', 'El Paso', 'Texas');
insert into chofer_direccion (calle, delegacion, estado) values ('591 Schiller Court', 'Sioux Falls', 'South Dakota');
insert into chofer_direccion (calle, delegacion, estado) values ('2771 Gale Center', 'Brooklyn', 'New York');
insert into chofer_direccion (calle, delegacion, estado) values ('37670 Tennyson Pass', 'Fort Worth', 'Texas');
insert into chofer_direccion (calle, delegacion, estado) values ('22807 Leroy Street', 'Muskegon', 'Michigan');

UPDATE chofer_direccion
SET calle = chofer_direccion.calle
FROM chofer_direccion;

--AUTOMOVIL CUALIDAD PENDIENTE
insert into automovil_cualidad (placas, rfc, modelo, marca, anio, color) values ('7rV55', '7c4Y2oc4V5WHFA8d3n2U2', '2500', 'GMC', 2008, 'Mauv');
insert into automovil_cualidad (placas, rfc, modelo, marca, anio, color) values ('1VC98', '9Y5f83Xkx208mtYe9S8g2', 'CLS-Class', 'Mercedes-Benz', 2003, 'Violet');
insert into automovil_cualidad (placas, rfc, modelo, marca, anio, color) values ('6d2l4', '7Bw6x5Y5c0aV3h6n4g70p', 'Civic', 'Honda', 2002, 'Yellow');
insert into automovil_cualidad (placas, rfc, modelo, marca, anio, color) values ('HxM83', '80718b0q5nDF69233385g', '300SD', 'Mercedes-Benz', 2000, 'Fuscia');
insert into automovil_cualidad (placas, rfc, modelo, marca, anio, color) values ('t794F', '980F25WwD67HObdYM859y', 'SL-Class', 'Mercedes-Benz', 2003, 'Goldenrod');
insert into automovil_cualidad (placas, rfc, modelo, marca, anio, color) values ('N95FA', '96m78sJ77b7Qpt207O1j1', 'C-Class', 'Mercedes-Benz', 2016, 'Fuscia');
insert into automovil_cualidad (placas, rfc, modelo, marca, anio, color) values ('RWY4O', 'i6An65R006c27q9tH4UM5', 'Caprice Classic', 'Chevrolet', 2002, 'Red');
insert into automovil_cualidad (placas, rfc, modelo, marca, anio, color) values ('0p72A', 'Hw0n2vu394Dd1T620935i', '3 Series', 'BMW', 2008, 'Maroon');
insert into automovil_cualidad (placas, rfc, modelo, marca, anio, color) values ('Y6Vb3', 'HrpH46EL9nsGzO04uggIx', '3 Series', 'BMW', 2017, 'Turquoise');
insert into automovil_cualidad (placas, rfc, modelo, marca, anio, color) values ('3q3LZ', '91Q648A24G47iLTy2QZ79', 'Taurus', 'Ford', 2016, 'Khaki');
insert into automovil_cualidad (placas, rfc, modelo, marca, anio, color) values ('vCnK6', '202884lv694K53PEMB844', 'RX', 'Lexus', 2008, 'Fuscia');
insert into automovil_cualidad (placas, rfc, modelo, marca, anio, color) values ('Y8u6E', 'D4h7993m7Mu6303uscURt', 'M6', 'BMW', 2000, 'Fuscia');
insert into automovil_cualidad (placas, rfc, modelo, marca, anio, color) values ('29gS8', 'uPn5H48Ryo7388H243h4x', 'Fusion', 'Ford', 2019, 'Turquoise');
insert into automovil_cualidad (placas, rfc, modelo, marca, anio, color) values ('dj3V6', '7sTL71r3e6h280OYXVy24', 'Mustang', 'Ford', 2019, 'Purple');
insert into automovil_cualidad (placas, rfc, modelo, marca, anio, color) values ('8T4rR', 'bbxA83xO442d4fT9Hh76U', 'Elantra', 'Hyundai', 2020, 'Puce');
insert into automovil_cualidad (placas, rfc, modelo, marca, anio, color) values ('gU806', 'k547724H35109Xlc41Ua5', 'Elantra', 'Hyundai', 2003, 'Violet');
insert into automovil_cualidad (placas, rfc, modelo, marca, anio, color) values ('kgbn7', '9j6k9zLXWVBm1It922Qn7', 'Hearse', 'Buick', 2009, 'Teal');
insert into automovil_cualidad (placas, rfc, modelo, marca, anio, color) values ('0693g', 'mumk448yDYI3K94071N49', 'Montero', 'Mitsubishi', 2009, 'Teal');
insert into automovil_cualidad (placas, rfc, modelo, marca, anio, color) values ('LW4XA', 'M762529lnr9V4SHtH26P7', 'Altima', 'Nissan', 2016, 'Goldenrod');
insert into automovil_cualidad (placas, rfc, modelo, marca, anio, color) values ('38TZk', 'Q5p69Dp1Pv399qH66bmF3', 'Exige', 'Lotus', 2001, 'Khaki');
insert into automovil_cualidad (placas, rfc, modelo, marca, anio, color) values ('H311j', 'sM8o3Ubej048X4I6vKu3w', 'Civic', 'Honda', 2017, 'Aquamarine');
insert into automovil_cualidad (placas, rfc, modelo, marca, anio, color) values ('93IJu', 'mMO49347989m68OP052H2', 'SL-Class', 'Mercedes-Benz', 2008, 'Puce');
insert into automovil_cualidad (placas, rfc, modelo, marca, anio, color) values ('IJ771', 'b3cn83DOV49P27Lr8N2R3', 'i-MiEV', 'Mitsubishi', 2009, 'Mauv');
insert into automovil_cualidad (placas, rfc, modelo, marca, anio, color) values ('2720W', 'PaY6vfc27780i819810U0', 'Continental Mark VII', 'Lincoln', 2000, 'Violet');
insert into automovil_cualidad (placas, rfc, modelo, marca, anio, color) values ('71X71', 'yX5usvCXzZl15j7662Gh7', 'Mirage', 'Mitsubishi', 2007, 'Green');
insert into automovil_cualidad (placas, rfc, modelo, marca, anio, color) values ('194o9', 'q7wi94Qs010z3e1lIK0jH', 'Interceptor', 'Jensen', 2000, 'Crimson');
insert into automovil_cualidad (placas, rfc, modelo, marca, anio, color) values ('0E6bD', '6dcg0F84297NUK1F62HEZ', 'Space', 'Mitsubishi', 2001, 'Teal');
insert into automovil_cualidad (placas, rfc, modelo, marca, anio, color) values ('9362E', '181gvkG9FG93O9381jM41', 'M', 'Infiniti', 2019, 'Purple');
insert into automovil_cualidad (placas, rfc, modelo, marca, anio, color) values ('UIitK', '14j083x65N6tz4ff3fwx4', 'Mini Cooper', 'Austin', 2017, 'Fuscia');
insert into automovil_cualidad (placas, rfc, modelo, marca, anio, color) values ('4rU99', '01G2u2j8ij0y891rMj12r', '300ZX', 'Nissan', 2019, 'Khaki');

UPDATE automovil_cualidad
SET rfc = chofer_fiscal.rfc
FROM chofer_fiscal;

--SERVICIO
DO $$
BEGIN
CREATE TEMPORARY TABLE tmp_servicio (
    ids                 BIGSERIAL,
    curp                CHAR(18),
    rfc                 CHAR(22),
    placas              VARCHAR(8),
    num_pasajeros       CHAR(1),
    latitud_origen      float,
    longitud_origen    float,
    latitud_destino     float,
    longitud_destino    float,
    tiempo              TIME,
    distancia           real,
    clase               CHAR(1),
    cantidad            MONEY,
    metodo              BOOLEAN,
    puntos_generados    NUMERIC
);


insert into tmp_servicio (num_pasajeros, latitud_origen, longitud_origen, latitud_destino, longitud destino, tiempo, distancia, clase, cantidad, metodo, puntos_generados) values (5, 41.4808684, -8.3624629, -26.94087, 29.24905, 27, '0', 's', '0', true, '0');
insert into tmp_servicio (num_pasajeros, latitud_origen, longitud_origen, latitud_destino, longitud destino, tiempo, distancia, clase, cantidad, metodo, puntos_generados) values (2, 56.949661, 23.3371119, 41.6089452, 20.006257, 86, '0', 'l', '0', false, '0');
insert into tmp_servicio (num_pasajeros, latitud_origen, longitud_origen, latitud_destino, longitud destino, tiempo, distancia, clase, cantidad, metodo, puntos_generados) values (5, -24.7289094, -53.7365827, 29.1416432, 119.7889248, 161, '0', 'l', '0', true, '0');
insert into tmp_servicio (num_pasajeros, latitud_origen, longitud_origen, latitud_destino, longitud destino, tiempo, distancia, clase, cantidad, metodo, puntos_generados) values (6, 55.1536343, 72.6937323, 29.86548, 116.328879, 171, '0', 'n', '0', true, '0');
insert into tmp_servicio (num_pasajeros, latitud_origen, longitud_origen, latitud_destino, longitud destino, tiempo, distancia, clase, cantidad, metodo, puntos_generados) values (8, 44.4309874, 34.0789969, 56.545959, 27.7143199, 78, '0', 'n', '0', false, '0');
insert into tmp_servicio (num_pasajeros, latitud_origen, longitud_origen, latitud_destino, longitud destino, tiempo, distancia, clase, cantidad, metodo, puntos_generados) values (9, 45.3639886, 5.5949365, 11.565435, -85.9917437, 73, '0', 'n', '0', false, '0');
insert into tmp_servicio (num_pasajeros, latitud_origen, longitud_origen, latitud_destino, longitud destino, tiempo, distancia, clase, cantidad, metodo, puntos_generados) values (9, '-8.4985', '123.5226', 9.338682, 123.291063, 130, '0', 'c', '0', false, '0');
insert into tmp_servicio (num_pasajeros, latitud_origen, longitud_origen, latitud_destino, longitud destino, tiempo, distancia, clase, cantidad, metodo, puntos_generados) values (7, 27.440523, 109.946012, 59.6443858, 33.541032, 13, '0', 's', '0', false, '0');
insert into tmp_servicio (num_pasajeros, latitud_origen, longitud_origen, latitud_destino, longitud destino, tiempo, distancia, clase, cantidad, metodo, puntos_generados) values (8, 26.682871, 100.109307, 13.974293, 121.324372, 131, '0', 'l', '0', true, '0');
insert into tmp_servicio (num_pasajeros, latitud_origen, longitud_origen, latitud_destino, longitud destino, tiempo, distancia, clase, cantidad, metodo, puntos_generados) values (8, 58.584874, 16.1916703, 18.507532, -69.8492398, 103, '0', 'n', '0', false, '0');
insert into tmp_servicio (num_pasajeros, latitud_origen, longitud_origen, latitud_destino, longitud destino, tiempo, distancia, clase, cantidad, metodo, puntos_generados) values (4, 48.8818933, 17.2802878, 49.1040007, 29.2092738, 69, '0', 'l', '0', false, '0');
insert into tmp_servicio (num_pasajeros, latitud_origen, longitud_origen, latitud_destino, longitud destino, tiempo, distancia, clase, cantidad, metodo, puntos_generados) values (9, -6.8333257, 106.6971352, -20.3139411, 30.0549683, 127, '0', 'c', '0', false, '0');
insert into tmp_servicio (num_pasajeros, latitud_origen, longitud_origen, latitud_destino, longitud destino, tiempo, distancia, clase, cantidad, metodo, puntos_generados) values (2, 16.7944909, 100.2375037, 8.1219, 122.673813, 178, '0', 'c', '0', false, '0');
insert into tmp_servicio (num_pasajeros, latitud_origen, longitud_origen, latitud_destino, longitud destino, tiempo, distancia, clase, cantidad, metodo, puntos_generados) values (8, '31.18248', '35.69999', 40.5072039, 20.9253299, 142, '0', 's', '0', false, '0');
insert into tmp_servicio (num_pasajeros, latitud_origen, longitud_origen, latitud_destino, longitud destino, tiempo, distancia, clase, cantidad, metodo, puntos_generados) values (2, 40.9556823, 22.0383248, 13.4686603, -15.2589778, 147, '0', 'c', '0', true, '0');
insert into tmp_servicio (num_pasajeros, latitud_origen, longitud_origen, latitud_destino, longitud destino, tiempo, distancia, clase, cantidad, metodo, puntos_generados) values (3, 36.4583521, 140.1060931, 25.689215, 100.163155, 96, '0', 's', '0', false, '0');
insert into tmp_servicio (num_pasajeros, latitud_origen, longitud_origen, latitud_destino, longitud destino, tiempo, distancia, clase, cantidad, metodo, puntos_generados) values (2, 30.30791, 120.266622, 40.3206366, -8.708013, 18, '0', 's', '0', false, '0');
insert into tmp_servicio (num_pasajeros, latitud_origen, longitud_origen, latitud_destino, longitud destino, tiempo, distancia, clase, cantidad, metodo, puntos_generados) values (3, 2.9374756, 101.7048008, '13.86667', '45.25', 15, '0', 'l', '0', false, '0');
insert into tmp_servicio (num_pasajeros, latitud_origen, longitud_origen, latitud_destino, longitud destino, tiempo, distancia, clase, cantidad, metodo, puntos_generados) values (3, -7.7981151, 110.350244, 43.4945737, 5.8978018, 150, '0', 'n', '0', true, '0');
insert into tmp_servicio (num_pasajeros, latitud_origen, longitud_origen, latitud_destino, longitud destino, tiempo, distancia, clase, cantidad, metodo, puntos_generados) values (6, 20.4360818, -97.3401785, 34.392963, 104.063889, 127, '0', 'n', '0', false, '0');
insert into tmp_servicio (num_pasajeros, latitud_origen, longitud_origen, latitud_destino, longitud destino, tiempo, distancia, clase, cantidad, metodo, puntos_generados) values (2, 26.319938, 113.810157, 48.581467, 135.1523126, 165, '0', 's', '0', false, '0');
insert into tmp_servicio (num_pasajeros, latitud_origen, longitud_origen, latitud_destino, longitud destino, tiempo, distancia, clase, cantidad, metodo, puntos_generados) values (5, 50.6162099, 33.8468153, 40.9369019, 44.777047, 129, '0', 's', '0', false, '0');
insert into tmp_servicio (num_pasajeros, latitud_origen, longitud_origen, latitud_destino, longitud destino, tiempo, distancia, clase, cantidad, metodo, puntos_generados) values (5, -6.7827104, 108.5196028, 22.916134, 114.1002135, 13, '0', 'l', '0', true, '0');
insert into tmp_servicio (num_pasajeros, latitud_origen, longitud_origen, latitud_destino, longitud destino, tiempo, distancia, clase, cantidad, metodo, puntos_generados) values (5, 38.0285839, 139.9928186, 10.5894439, -67.0494378, 41, '0', 'n', '0', false, '0');
insert into tmp_servicio (num_pasajeros, latitud_origen, longitud_origen, latitud_destino, longitud destino, tiempo, distancia, clase, cantidad, metodo, puntos_generados) values (1, 9.141067, -12.664461, 15.1539332, -87.8721602, 82, '0', 's', '0', true, '0');
insert into tmp_servicio (num_pasajeros, latitud_origen, longitud_origen, latitud_destino, longitud destino, tiempo, distancia, clase, cantidad, metodo, puntos_generados) values (6, 36.5955942, 39.1283506, 45.9926615, 19.1266138, 113, '0', 'n', '0', false, '0');
insert into tmp_servicio (num_pasajeros, latitud_origen, longitud_origen, latitud_destino, longitud destino, tiempo, distancia, clase, cantidad, metodo, puntos_generados) values (7, 30.798325, 107.96879, 57.8567021, 45.7774009, 167, '0', 'n', '0', false, '0');
insert into tmp_servicio (num_pasajeros, latitud_origen, longitud_origen, latitud_destino, longitud destino, tiempo, distancia, clase, cantidad, metodo, puntos_generados) values (8, 38.3541519, 22.7869993, 33.027777, 113.546942, 63, '0', 's', '0', true, '0');
insert into tmp_servicio (num_pasajeros, latitud_origen, longitud_origen, latitud_destino, longitud destino, tiempo, distancia, clase, cantidad, metodo, puntos_generados) values (9, 17.0935616, 101.6612934, 50.1934213, 18.7546431, 91, '0', 'l', '0', true, '0');
insert into tmp_servicio (num_pasajeros, latitud_origen, longitud_origen, latitud_destino, longitud destino, tiempo, distancia, clase, cantidad, metodo, puntos_generados) values (9, 47.0203676, -68.1435063, 34.8838824, 136.870408, 63, '0', 'c', '0', true, '0');
insert into tmp_servicio (num_pasajeros, latitud_origen, longitud_origen, latitud_destino, longitud destino, tiempo, distancia, clase, cantidad, metodo, puntos_generados) values (7, 65.8489911, 23.2115122, 26.5764917, 49.998236, 96, '0', 'n', '0', false, '0');
insert into tmp_servicio (num_pasajeros, latitud_origen, longitud_origen, latitud_destino, longitud destino, tiempo, distancia, clase, cantidad, metodo, puntos_generados) values (8, 45.7676321, 15.6745822, 36.6714007, 136.7941217, 123, '0', 'n', '0', true, '0');
insert into tmp_servicio (num_pasajeros, latitud_origen, longitud_origen, latitud_destino, longitud destino, tiempo, distancia, clase, cantidad, metodo, puntos_generados) values (5, 53.8031587, 64.1828536, 45.635251, 127.059878, 29, '0', 's', '0', true, '0');
insert into tmp_servicio (num_pasajeros, latitud_origen, longitud_origen, latitud_destino, longitud destino, tiempo, distancia, clase, cantidad, metodo, puntos_generados) values (2, -6.8013457, 111.4126837, 12.087083, 15.0148322, 49, '0', 'c', '0', false, '0');
insert into tmp_servicio (num_pasajeros, latitud_origen, longitud_origen, latitud_destino, longitud destino, tiempo, distancia, clase, cantidad, metodo, puntos_generados) values (4, 36.9351637, 139.9854087, 51.3305246, 6.7625867, 61, '0', 'c', '0', false, '0');
insert into tmp_servicio (num_pasajeros, latitud_origen, longitud_origen, latitud_destino, longitud destino, tiempo, distancia, clase, cantidad, metodo, puntos_generados) values (3, 19.7206, 110.460225, 50.3382214, 83.5062548, 76, '0', 'n', '0', true, '0');
insert into tmp_servicio (num_pasajeros, latitud_origen, longitud_origen, latitud_destino, longitud destino, tiempo, distancia, clase, cantidad, metodo, puntos_generados) values (6, 49.7880079, 14.293561, 49.9713653, 29.7636724, 180, '0', 'l', '0', false, '0');
insert into tmp_servicio (num_pasajeros, latitud_origen, longitud_origen, latitud_destino, longitud destino, tiempo, distancia, clase, cantidad, metodo, puntos_generados) values (1, 52.2413206, -7.0833118, 53.8638922, 34.4574753, 40, '0', 'n', '0', true, '0');
insert into tmp_servicio (num_pasajeros, latitud_origen, longitud_origen, latitud_destino, longitud destino, tiempo, distancia, clase, cantidad, metodo, puntos_generados) values (1, '-8.6986', '122.3514', -23.5441298, -46.3660676, 9, '0', 's', '0', true, '0');
insert into tmp_servicio (num_pasajeros, latitud_origen, longitud_origen, latitud_destino, longitud destino, tiempo, distancia, clase, cantidad, metodo, puntos_generados) values (8, 49.757096, 0.375789, 30.063748, 113.562835, 22, '0', 's', '0', true, '0');
insert into tmp_servicio (num_pasajeros, latitud_origen, longitud_origen, latitud_destino, longitud destino, tiempo, distancia, clase, cantidad, metodo, puntos_generados) values (8, 30.439547, 119.669425, 42.0160888, 24.8652145, 124, '0', 's', '0', false, '0');
insert into tmp_servicio (num_pasajeros, latitud_origen, longitud_origen, latitud_destino, longitud destino, tiempo, distancia, clase, cantidad, metodo, puntos_generados) values (3, 47.2550409, -1.5401497, 31.228026, 121.454211, 79, '0', 'n', '0', true, '0');
insert into tmp_servicio (num_pasajeros, latitud_origen, longitud_origen, latitud_destino, longitud destino, tiempo, distancia, clase, cantidad, metodo, puntos_generados) values (1, 9.92676, 123.616147, 36.145932, 113.01869, 163, '0', 'n', '0', false, '0');
insert into tmp_servicio (num_pasajeros, latitud_origen, longitud_origen, latitud_destino, longitud destino, tiempo, distancia, clase, cantidad, metodo, puntos_generados) values (1, 50.52546, 42.6645851, 20.9069092, -77.2807423, 17, '0', 'c', '0', false, '0');
insert into tmp_servicio (num_pasajeros, latitud_origen, longitud_origen, latitud_destino, longitud destino, tiempo, distancia, clase, cantidad, metodo, puntos_generados) values (7, 22.6188131, -83.7066289, 50.8177069, 15.7230035, 145, '0', 'l', '0', false, '0');
insert into tmp_servicio (num_pasajeros, latitud_origen, longitud_origen, latitud_destino, longitud destino, tiempo, distancia, clase, cantidad, metodo, puntos_generados) values (7, 33.551052, 119.113185, -9.7580283, 124.7022382, 160, '0', 'c', '0', true, '0');
insert into tmp_servicio (num_pasajeros, latitud_origen, longitud_origen, latitud_destino, longitud destino, tiempo, distancia, clase, cantidad, metodo, puntos_generados) values (7, 34.3983716, -2.8935028, 50.515804, 115.126221, 17, '0', 'n', '0', true, '0');
insert into tmp_servicio (num_pasajeros, latitud_origen, longitud_origen, latitud_destino, longitud destino, tiempo, distancia, clase, cantidad, metodo, puntos_generados) values (4, 49.7774163, 21.7112659, -23.5198964, -46.3408798, 71, '0', 's', '0', true, '0');
insert into tmp_servicio (num_pasajeros, latitud_origen, longitud_origen, latitud_destino, longitud destino, tiempo, distancia, clase, cantidad, metodo, puntos_generados) values (4, 54.1863169, 19.7204087, 15.8507092, 120.3947577, 89, '0', 'l', '0', false, '0');
insert into tmp_servicio (num_pasajeros, latitud_origen, longitud_origen, latitud_destino, longitud destino, tiempo, distancia, clase, cantidad, metodo, puntos_generados) values (2, 14.6155555, 120.9837955, 55.5292, 42.2003001, 137, '0', 'c', '0', true, '0');
insert into tmp_servicio (num_pasajeros, latitud_origen, longitud_origen, latitud_destino, longitud destino, tiempo, distancia, clase, cantidad, metodo, puntos_generados) values (3, 40.1912987, 44.384146, 7.47717, 80.384199, 176, '0', 'l', '0', false, '0');
insert into tmp_servicio (num_pasajeros, latitud_origen, longitud_origen, latitud_destino, longitud destino, tiempo, distancia, clase, cantidad, metodo, puntos_generados) values (1, 51.1018522, 47.3045126, 42.896821, -79.2620294, 150, '0', 'n', '0', true, '0');
insert into tmp_servicio (num_pasajeros, latitud_origen, longitud_origen, latitud_destino, longitud destino, tiempo, distancia, clase, cantidad, metodo, puntos_generados) values (3, 23.106401, 113.459749, 38.925875, 100.449818, 28, '0', 'l', '0', false, '0');
insert into tmp_servicio (num_pasajeros, latitud_origen, longitud_origen, latitud_destino, longitud destino, tiempo, distancia, clase, cantidad, metodo, puntos_generados) values (5, -10.1053365, 39.6182605, '-9.6165', '124.742', 101, '0', 'c', '0', false, '0');
insert into tmp_servicio (num_pasajeros, latitud_origen, longitud_origen, latitud_destino, longitud destino, tiempo, distancia, clase, cantidad, metodo, puntos_generados) values (3, 12.151801, 9.0571089, 58.1522102, 41.5902169, 137, '0', 'c', '0', false, '0');
insert into tmp_servicio (num_pasajeros, latitud_origen, longitud_origen, latitud_destino, longitud destino, tiempo, distancia, clase, cantidad, metodo, puntos_generados) values (6, 25.495241, 103.805012, -6.8852308, 106.9007656, 53, '0', 'c', '0', false, '0');
insert into tmp_servicio (num_pasajeros, latitud_origen, longitud_origen, latitud_destino, longitud destino, tiempo, distancia, clase, cantidad, metodo, puntos_generados) values (1, 22.5738562, 113.89831, 26.512298, 119.065936, 53, '0', 's', '0', false, '0');
insert into tmp_servicio (num_pasajeros, latitud_origen, longitud_origen, latitud_destino, longitud destino, tiempo, distancia, clase, cantidad, metodo, puntos_generados) values (3, -0.7739574, 102.026135, 46.4100106, 15.0570131, 136, '0', 'l', '0', true, '0');
insert into tmp_servicio (num_pasajeros, latitud_origen, longitud_origen, latitud_destino, longitud destino, tiempo, distancia, clase, cantidad, metodo, puntos_generados) values (5, 8.1592413, 125.2824211, -19.39656, -40.0658731, 80, '0', 'l', '0', true, '0');
insert into tmp_servicio (num_pasajeros, latitud_origen, longitud_origen, latitud_destino, longitud destino, tiempo, distancia, clase, cantidad, metodo, puntos_generados) values (2, 28.706919, 117.821005, 40.8195312, 22.4188383, 11, '0', 'n', '0', false, '0');
insert into tmp_servicio (num_pasajeros, latitud_origen, longitud_origen, latitud_destino, longitud destino, tiempo, distancia, clase, cantidad, metodo, puntos_generados) values (1, 59.3586958, 17.9687559, 24.762172, -104.927894, 59, '0', 's', '0', false, '0');
insert into tmp_servicio (num_pasajeros, latitud_origen, longitud_origen, latitud_destino, longitud destino, tiempo, distancia, clase, cantidad, metodo, puntos_generados) values (9, -8.0057853, 112.7621319, 30.3859766, -91.0759758, 24, '0', 'c', '0', false, '0');
insert into tmp_servicio (num_pasajeros, latitud_origen, longitud_origen, latitud_destino, longitud destino, tiempo, distancia, clase, cantidad, metodo, puntos_generados) values (8, -8.0088871, 111.9030636, 38.09234, -8.204915, 149, '0', 'l', '0', false, '0');
insert into tmp_servicio (num_pasajeros, latitud_origen, longitud_origen, latitud_destino, longitud destino, tiempo, distancia, clase, cantidad, metodo, puntos_generados) values (2, 30.3301201, 66.9043672, 60.3588201, 22.2240066, 5, '0', 'c', '0', true, '0');
insert into tmp_servicio (num_pasajeros, latitud_origen, longitud_origen, latitud_destino, longitud destino, tiempo, distancia, clase, cantidad, metodo, puntos_generados) values (8, 55.4618616, 29.9874438, 14.5792342, 120.9965883, 122, '0', 's', '0', true, '0');
insert into tmp_servicio (num_pasajeros, latitud_origen, longitud_origen, latitud_destino, longitud destino, tiempo, distancia, clase, cantidad, metodo, puntos_generados) values (9, -6.2038486, 106.8190806, 39.159945, 117.229277, 88, '0', 'n', '0', false, '0');
insert into tmp_servicio (num_pasajeros, latitud_origen, longitud_origen, latitud_destino, longitud destino, tiempo, distancia, clase, cantidad, metodo, puntos_generados) values (1, 29.33903, 104.778442, '35.89333', '14.39889', 94, '0', 'l', '0', false, '0');
insert into tmp_servicio (num_pasajeros, latitud_origen, longitud_origen, latitud_destino, longitud destino, tiempo, distancia, clase, cantidad, metodo, puntos_generados) values (3, 50.5439471, 30.1488137, 30.736899, 84.520832, 8, '0', 'n', '0', true, '0');
insert into tmp_servicio (num_pasajeros, latitud_origen, longitud_origen, latitud_destino, longitud destino, tiempo, distancia, clase, cantidad, metodo, puntos_generados) values (8, -3.3072032, -39.3621196, 26.0765362, 119.2807519, 40, '0', 'c', '0', false, '0');
insert into tmp_servicio (num_pasajeros, latitud_origen, longitud_origen, latitud_destino, longitud destino, tiempo, distancia, clase, cantidad, metodo, puntos_generados) values (9, -7.305958, 112.8135304, 27.013081, 106.452907, 6, '0', 'c', '0', false, '0');
insert into tmp_servicio (num_pasajeros, latitud_origen, longitud_origen, latitud_destino, longitud destino, tiempo, distancia, clase, cantidad, metodo, puntos_generados) values (3, 58.8578776, 14.2134536, 42.4681713, -83.1589716, 58, '0', 'c', '0', true, '0');
insert into tmp_servicio (num_pasajeros, latitud_origen, longitud_origen, latitud_destino, longitud destino, tiempo, distancia, clase, cantidad, metodo, puntos_generados) values (8, 25.8007724, -100.4277766, 52.1660441, 16.4612356, 176, '0', 's', '0', false, '0');
insert into tmp_servicio (num_pasajeros, latitud_origen, longitud_origen, latitud_destino, longitud destino, tiempo, distancia, clase, cantidad, metodo, puntos_generados) values (6, 45.295075, 130.969333, 29.499831, 120.903866, 130, '0', 'l', '0', true, '0');
insert into tmp_servicio (num_pasajeros, latitud_origen, longitud_origen, latitud_destino, longitud destino, tiempo, distancia, clase, cantidad, metodo, puntos_generados) values (4, -8.4019855, 114.3163148, 37.163269, 9.757347, 137, '0', 'n', '0', true, '0');
insert into tmp_servicio (num_pasajeros, latitud_origen, longitud_origen, latitud_destino, longitud destino, tiempo, distancia, clase, cantidad, metodo, puntos_generados) values (6, 53.3806398, -6.5028415, 49.5904912, 19.710237, 93, '0', 'l', '0', false, '0');
insert into tmp_servicio (num_pasajeros, latitud_origen, longitud_origen, latitud_destino, longitud destino, tiempo, distancia, clase, cantidad, metodo, puntos_generados) values (8, 15.9042688, 119.8863306, -13.24679, -75.534477, 73, '0', 'l', '0', true, '0');
insert into tmp_servicio (num_pasajeros, latitud_origen, longitud_origen, latitud_destino, longitud destino, tiempo, distancia, clase, cantidad, metodo, puntos_generados) values (4, -7.8013074, 111.6541483, 60.6221986, 15.6073973, 71, '0', 's', '0', true, '0');
insert into tmp_servicio (num_pasajeros, latitud_origen, longitud_origen, latitud_destino, longitud destino, tiempo, distancia, clase, cantidad, metodo, puntos_generados) values (5, 22.9221592, -82.6861446, -6.7160998, 111.4886997, 157, '0', 'c', '0', true, '0');
insert into tmp_servicio (num_pasajeros, latitud_origen, longitud_origen, latitud_destino, longitud destino, tiempo, distancia, clase, cantidad, metodo, puntos_generados) values (2, 47.9318074, 5.2893597, 54.0282094, 48.329762, 45, '0', 'l', '0', true, '0');
insert into tmp_servicio (num_pasajeros, latitud_origen, longitud_origen, latitud_destino, longitud destino, tiempo, distancia, clase, cantidad, metodo, puntos_generados) values (9, 42.1144473, -72.4909026, 54.3886617, -1.555363, 77, '0', 's', '0', true, '0');
insert into tmp_servicio (num_pasajeros, latitud_origen, longitud_origen, latitud_destino, longitud destino, tiempo, distancia, clase, cantidad, metodo, puntos_generados) values (9, 33.4658131, -112.0244867, 53.1001509, 34.0612529, 12, '0', 'l', '0', true, '0');
insert into tmp_servicio (num_pasajeros, latitud_origen, longitud_origen, latitud_destino, longitud destino, tiempo, distancia, clase, cantidad, metodo, puntos_generados) values (1, 39.2708955, -84.3279093, -2.4421225, 115.188916, 97, '0', 'l', '0', true, '0');
insert into tmp_servicio (num_pasajeros, latitud_origen, longitud_origen, latitud_destino, longitud destino, tiempo, distancia, clase, cantidad, metodo, puntos_generados) values (9, 59.233082, 163.067535, 50.2154468, 16.2722098, 133, '0', 'l', '0', false, '0');
insert into tmp_servicio (num_pasajeros, latitud_origen, longitud_origen, latitud_destino, longitud destino, tiempo, distancia, clase, cantidad, metodo, puntos_generados) values (4, 1.3566345, 172.9299068, 46.3611841, 38.2725015, 107, '0', 'l', '0', true, '0');
insert into tmp_servicio (num_pasajeros, latitud_origen, longitud_origen, latitud_destino, longitud destino, tiempo, distancia, clase, cantidad, metodo, puntos_generados) values (2, 29.270311, 88.880492, 41.4808684, -8.3624629, 83, '0', 'c', '0', false, '0');
insert into tmp_servicio (num_pasajeros, latitud_origen, longitud_origen, latitud_destino, longitud destino, tiempo, distancia, clase, cantidad, metodo, puntos_generados) values (3, '-10.539', '121.8525', 43.7728532, 26.5290794, 142, '0', 's', '0', true, '0');
insert into tmp_servicio (num_pasajeros, latitud_origen, longitud_origen, latitud_destino, longitud destino, tiempo, distancia, clase, cantidad, metodo, puntos_generados) values (3, 30.126539, 120.965215, '35.84026', '65.2309', 8, '0', 'c', '0', true, '0');
insert into tmp_servicio (num_pasajeros, latitud_origen, longitud_origen, latitud_destino, longitud destino, tiempo, distancia, clase, cantidad, metodo, puntos_generados) values (8, 43.977331, 81.318189, 62.0096447, -6.7716551, 149, '0', 's', '0', true, '0');
insert into tmp_servicio (num_pasajeros, latitud_origen, longitud_origen, latitud_destino, longitud destino, tiempo, distancia, clase, cantidad, metodo, puntos_generados) values (3, 23.3362272, 112.7222244, 26.685936, 118.163788, 161, '0', 'n', '0', true, '0');
insert into tmp_servicio (num_pasajeros, latitud_origen, longitud_origen, latitud_destino, longitud destino, tiempo, distancia, clase, cantidad, metodo, puntos_generados) values (6, 59.7959318, 30.3954982, 56.5523691, 38.0335558, 54, '0', 'c', '0', true, '0');
insert into tmp_servicio (num_pasajeros, latitud_origen, longitud_origen, latitud_destino, longitud destino, tiempo, distancia, clase, cantidad, metodo, puntos_generados) values (7, 59.6124387, 16.5198698, 64.5281061, 34.7710761, 116, '0', 'l', '0', true, '0');
insert into tmp_servicio (num_pasajeros, latitud_origen, longitud_origen, latitud_destino, longitud destino, tiempo, distancia, clase, cantidad, metodo, puntos_generados) values (8, 10.4347941, 45.0139904, 26.3039206, 127.7616484, 180, '0', 'l', '0', false, '0');
insert into tmp_servicio (num_pasajeros, latitud_origen, longitud_origen, latitud_destino, longitud destino, tiempo, distancia, clase, cantidad, metodo, puntos_generados) values (2, 49.5477597, 5.8532859, 35.4213103, -97.5734783, 91, '0', 'n', '0', false, '0');
insert into tmp_servicio (num_pasajeros, latitud_origen, longitud_origen, latitud_destino, longitud destino, tiempo, distancia, clase, cantidad, metodo, puntos_generados) values (1, -7.5450262, 111.6556388, 41.6764745, 42.7085996, 144, '0', 'l', '0', true, '0');
insert into tmp_servicio (num_pasajeros, latitud_origen, longitud_origen, latitud_destino, longitud destino, tiempo, distancia, clase, cantidad, metodo, puntos_generados) values (5, 14.5638721, 121.0327599, 12.5683747, 99.9576888, 53, '0', 'n', '0', false, '0');
insert into tmp_servicio (num_pasajeros, latitud_origen, longitud_origen, latitud_destino, longitud destino, tiempo, distancia, clase, cantidad, metodo, puntos_generados) values (6, 10.335192, 123.3262483, 5.887247, -10.0303723, 23, '0', 'n', '0', true, '0');
insert into tmp_servicio (num_pasajeros, latitud_origen, longitud_origen, latitud_destino, longitud destino, tiempo, distancia, clase, cantidad, metodo, puntos_generados) values (8, '26.12829', '102.45004', -7.7527791, 113.697829, 36, '0', 's', '0', true, '0');
insert into tmp_servicio (num_pasajeros, latitud_origen, longitud_origen, latitud_destino, longitud destino, tiempo, distancia, clase, cantidad, metodo, puntos_generados) values (2, -7.135868, -34.9662353, -6.5864219, 106.7441048, 19, '0', 'l', '0', true, '0');
insert into tmp_servicio (num_pasajeros, latitud_origen, longitud_origen, latitud_destino, longitud destino, tiempo, distancia, clase, cantidad, metodo, puntos_generados) values (8, 48.7925732, -79.201011, 48.3236333, 6.063383, 88, '0', 's', '0', true, '0');
insert into tmp_servicio (num_pasajeros, latitud_origen, longitud_origen, latitud_destino, longitud destino, tiempo, distancia, clase, cantidad, metodo, puntos_generados) values (5, 45.4699386, 4.5014237, '40.56762', '65.67947', 80, '0', 'c', '0', false, '0');
insert into tmp_servicio (num_pasajeros, latitud_origen, longitud_origen, latitud_destino, longitud destino, tiempo, distancia, clase, cantidad, metodo, puntos_generados) values (1, '-8.0972', '111.8163', 39.934201, 116.430668, 31, '0', 'c', '0', false, '0');
insert into tmp_servicio (num_pasajeros, latitud_origen, longitud_origen, latitud_destino, longitud destino, tiempo, distancia, clase, cantidad, metodo, puntos_generados) values (3, 12.4069994, 4.647618, 27.587249, 118.473619, 75, '0', 'l', '0', true, '0');
insert into tmp_servicio (num_pasajeros, latitud_origen, longitud_origen, latitud_destino, longitud destino, tiempo, distancia, clase, cantidad, metodo, puntos_generados) values (1, 4.575601, -75.972669, 51.3591174, 112.484985, 76, '0', 'n', '0', false, '0');
insert into tmp_servicio (num_pasajeros, latitud_origen, longitud_origen, latitud_destino, longitud destino, tiempo, distancia, clase, cantidad, metodo, puntos_generados) values (5, 42.3155073, 20.816549, -26.7416528, -52.5852334, 76, '0', 'c', '0', true, '0');
insert into tmp_servicio (num_pasajeros, latitud_origen, longitud_origen, latitud_destino, longitud destino, tiempo, distancia, clase, cantidad, metodo, puntos_generados) values (5, 40.2361837, 20.3517334, -6.2382699, 106.9755726, 93, '0', 'n', '0', true, '0');
insert into tmp_servicio (num_pasajeros, latitud_origen, longitud_origen, latitud_destino, longitud destino, tiempo, distancia, clase, cantidad, metodo, puntos_generados) values (3, 63.1109993, 23.0789691, -2.0865267, 120.6832556, 96, '0', 'c', '0', true, '0');
insert into tmp_servicio (num_pasajeros, latitud_origen, longitud_origen, latitud_destino, longitud destino, tiempo, distancia, clase, cantidad, metodo, puntos_generados) values (5, 41.376241, 19.7881955, 25.606486, 100.267638, 64, '0', 's', '0', false, '0');
insert into tmp_servicio (num_pasajeros, latitud_origen, longitud_origen, latitud_destino, longitud destino, tiempo, distancia, clase, cantidad, metodo, puntos_generados) values (8, 35.5588061, 138.0410863, -10.5086496, -37.4467952, 8, '0', 'n', '0', true, '0');
insert into tmp_servicio (num_pasajeros, latitud_origen, longitud_origen, latitud_destino, longitud destino, tiempo, distancia, clase, cantidad, metodo, puntos_generados) values (5, 18.5086907, -69.8497207, '31.5587', '35.1244', 129, '0', 'c', '0', false, '0');
insert into tmp_servicio (num_pasajeros, latitud_origen, longitud_origen, latitud_destino, longitud destino, tiempo, distancia, clase, cantidad, metodo, puntos_generados) values (8, 23.12468, 113.3612, 43.8118946, 18.5711013, 36, '0', 's', '0', true, '0');
insert into tmp_servicio (num_pasajeros, latitud_origen, longitud_origen, latitud_destino, longitud destino, tiempo, distancia, clase, cantidad, metodo, puntos_generados) values (5, -8.4382384, 114.0974489, -29.362503, -51.08671, 31, '0', 'l', '0', false, '0');
insert into tmp_servicio (num_pasajeros, latitud_origen, longitud_origen, latitud_destino, longitud destino, tiempo, distancia, clase, cantidad, metodo, puntos_generados) values (8, -28.7477963, -49.4745059, -22.7338724, -45.1201112, 67, '0', 'l', '0', true, '0');
insert into tmp_servicio (num_pasajeros, latitud_origen, longitud_origen, latitud_destino, longitud destino, tiempo, distancia, clase, cantidad, metodo, puntos_generados) values (9, 39.1228935, -95.624767, 40.2617721, -76.8798693, 143, '0', 'n', '0', false, '0');
insert into tmp_servicio (num_pasajeros, latitud_origen, longitud_origen, latitud_destino, longitud destino, tiempo, distancia, clase, cantidad, metodo, puntos_generados) values (9, 41.4495777, -8.3894249, 56.7113733, 28.6688238, 137, '0', 'l', '0', true, '0');
insert into tmp_servicio (num_pasajeros, latitud_origen, longitud_origen, latitud_destino, longitud destino, tiempo, distancia, clase, cantidad, metodo, puntos_generados) values (4, 50.4086421, 36.8953954, 44.150897, 17.7905271, 64, '0', 'n', '0', true, '0');
insert into tmp_servicio (num_pasajeros, latitud_origen, longitud_origen, latitud_destino, longitud destino, tiempo, distancia, clase, cantidad, metodo, puntos_generados) values (1, 31.2371338, 121.498955, 8.2596, -11.1914, 49, '0', 'l', '0', false, '0');
insert into tmp_servicio (num_pasajeros, latitud_origen, longitud_origen, latitud_destino, longitud destino, tiempo, distancia, clase, cantidad, metodo, puntos_generados) values (1, 15.5106977, 104.7264617, -8.602068, 116.195655, 90, '0', 'l', '0', true, '0');
insert into tmp_servicio (num_pasajeros, latitud_origen, longitud_origen, latitud_destino, longitud destino, tiempo, distancia, clase, cantidad, metodo, puntos_generados) values (4, -10.0055535, 124.458641, 47.4936583, 21.66245, 76, '0', 's', '0', false, '0');
insert into tmp_servicio (num_pasajeros, latitud_origen, longitud_origen, latitud_destino, longitud destino, tiempo, distancia, clase, cantidad, metodo, puntos_generados) values (6, 50.334011, 3.460955, -8.6490171, 115.2135681, 82, '0', 'n', '0', false, '0');
insert into tmp_servicio (num_pasajeros, latitud_origen, longitud_origen, latitud_destino, longitud destino, tiempo, distancia, clase, cantidad, metodo, puntos_generados) values (1, 46.3636288, 32.9355243, 56.7813252, 16.0279817, 109, '0', 'n', '0', true, '0');

    FOR counter IN 1.5 LOOP
        insert into tmp_servicio(curp)
            SELECT curp
            FROM cliente
            ORDER BY random();
    END LOOP;

    DELETE FROM tmp_servicio
    WHERE curp = NULL

    insert into servicio(
        ids,
        curp, 
        rfc, 
        placas, 
        num_pasajeros, 
        latitud_origen,
        longitud_origen,
        latitud_destino,
        longitud_destino,
        tiempo,
        clase,
        metodo)
    SELECT ids,
        curp, 
        rfc, 
        placas, 
        num_pasajeros, 
        latitud_origen,
        longitud_origen,
        latitud_destino,
        longitud_destino,
        tiempo,
        clase,
        metodo
    FROM tmp_servicio;

END; $$
